MAE,R2,MSE
16.319099691587272,0.010132476049716677,413.56727662144414
