MAE,R2,MSE
16.319099691587272,0.0101324760497166,413.56727662144414
16.308538401027924,0.11458153240647972,402.95161367602867
